name_key,Y_t1,Y_t2,delta_Y,dose,NAME
aberdeen,0.798417843262488,0.7940148937765351,-0.004402949485952878,2698.905109489051,Aberdeen School District
adna,0.88,0.92,0.040000000000000036,2098.256735340729,Adna School District
anacortes,0.8722022016948797,0.8823553513781965,0.01015314968331682,5304.550340379792,Anacortes School District
arlington,0.8108600896564746,0.8476715435100364,0.03681145385356177,3599.0286022665946,Arlington School District
auburn,0.7515300351912814,0.8111657603280831,0.05963572513680171,4275.148302410703,Auburn School District
bainbridge island,0.9335169872508056,0.9354859775200186,0.0019689902692130445,5812.8028564141805,Bainbridge Island School District
battle ground,0.7611746899266973,0.7563949585489073,-0.004779731377790086,3005.158057622872,Battle Ground School District
bellingham,0.8141394084967207,0.8499836754821057,0.03584426698538501,5422.5601131541725,Bellingham School District
bethel,0.868248957657087,0.8859979863178344,0.017749028660747457,3669.8167995353992,Bethel School District
blaine,0.7787885077847384,0.8370147783836672,0.05822627059892882,5120.357941834452,Blaine School District
bremerton,0.6943295796727145,0.6564361643384314,-0.03789341533428303,3685.7528436475804,Bremerton School District
brewster,0.819604650881158,0.8366479984323214,0.017043347551163435,1563.691073219659,Brewster School District
bridgeport,0.862721856149775,0.8260633881728973,-0.03665846797687777,697.072072072072,Bridgeport School District
burlington edison,0.7763390165466454,0.8290932844296037,0.05275426788295834,4003.5297311973936,Burlington-Edison School District
camas,0.9042908533796216,0.8937674619512226,-0.010523391428398976,5441.112559756628,Camas School District
cape flattery,0.8563012698875999,0.9050204813108,0.048719211423200126,1812.6315789473683,Cape Flattery School District
cascade,0.8970042802762245,0.9173998229459142,0.02039554266968968,5657.251908396946,Cascade School District
cashmere,0.9376411721742124,0.9303294701556256,-0.007311702018586774,3073.8820479585224,CASHMERE SCHOOL DISTRICT
castle rock,0.8078865098639799,0.8280254628130062,0.020138952949026234,2118.8925081433226,Castle Rock School District
central kitsap,0.8597960669310394,0.8765865878040382,0.016790520872998815,3524.7971145175834,Central Kitsap School District
central valley,0.845269010628162,0.8689700567513442,0.023701046123182246,3249.3812345308634,Central Valley School District
centralia,0.7766280857254709,0.8152766219412872,0.03864853621581632,1999.4433620929585,Centralia School District
chehalis,0.8268895163566896,0.8725750451772132,0.04568552882052357,2903.172504957039,Chehalis School District
cheney,0.8500676481121549,0.8646049793220967,0.014537331209941828,3469.2577953447517,Cheney School District
chewelah,0.8276532249512829,0.8496781878916895,0.022024962940406567,1767.6143386897404,Chewelah School District
chimacum,0.864821117014209,0.8885488508644672,0.02372773385025817,4641.873278236914,Chimacum School District
clarkston,0.6765268787448933,0.7803389810149628,0.10381210227006954,2238.5560104205433,Clarkston School District
cle elum roslyn,0.8209601958067799,0.8454029501186295,0.024442754311849613,5378.048780487805,Cle Elum-Roslyn School District
clover park,0.8440566138013178,0.8626954563904485,0.018638842589130733,2397.6909275294483,Clover Park School District
colfax,0.8750815577570195,0.8996773695054929,0.024595811748473473,3888.3333333333335,Colfax School District
columbia stevens,0.64,0.6844444444444444,0.0444444444444444,1572.3270440251572,Columbia (Stevens) School District
columbia walla walla,0.8006377134664467,0.8207536420768645,0.020115928610417777,4936.018957345972,Columbia (Walla Walla) School District
colville,0.8388238738689056,0.8569045011022833,0.018080627233377777,1796.5821389195148,Colville School District
concrete,0.6770148040702756,0.7308803940619258,0.05386558999165025,3384.9056603773583,Concrete School District
coupeville,0.8916005923220679,0.9471610089780809,0.05556041665601297,6200.210748155953,Coupeville School District
crescent,0.6707142857142857,0.73,0.059285714285714275,2356.6176470588234,Crescent School District
darrington,0.8064129023150676,0.8235168858565065,0.01710398354143894,4084.11214953271,Darrington School District
davenport,0.88353246753246,0.9315,0.04796753246754004,3710.7023411371238,Davenport School District
dayton,0.81372727272727,0.7891206853111579,-0.024606587416112102,3739.3483709273182,Dayton School District
deer park,0.884857234871573,0.9285905745527041,0.043733339681131134,2313.6,Deer Park School District
east valley spokane,0.7813037743086046,0.7917312719368512,0.010427497628246574,2714.219438645326,East Valley School District (Spokane)
east valley yakima,0.875906145955735,0.8695105992549665,-0.006395546700768473,2946.1268728084156,East Valley School District (Yakima)
eastmont,0.8477447199597314,0.859213876453476,0.011469156493744581,2727.2422464375522,Eastmont School District
eatonville,0.9237399596098675,0.9342252255293404,0.010485265919472853,3875.897435897436,Eatonville School District
edmonds,0.8307586960505458,0.8502997297124951,0.01954103366194937,6097.331240188383,Edmonds School District
ellensburg,0.8659055005863339,0.8997555233298021,0.03385002274346827,3775.560331593491,Ellensburg School District
elma,0.9235584111602978,0.9173583886400378,-0.0062000225202599735,2717.391304347826,Elma School District
entiat,0.8566666666666666,0.7879876373626362,-0.06867902930403036,3542.2740524781343,Entiat School District
enumclaw,0.8392417440711881,0.8474224380625255,0.008180693991337362,4461.500735654733,Enumclaw School District
ephrata,0.904787100322936,0.9353859287523061,0.030598828429370117,1947.390223695112,Ephrata School District
everett,0.9305907402772962,0.9421581318824911,0.011567391605194932,4824.022486573307,Everett School District
evergreen clark,0.8237389519235631,0.8974253330335844,0.07368638111002135,3139.2658081875843,Evergreen School District (Clark)
federal way,0.8164284620052557,0.8680133790702076,0.05158491706495194,3876.860974868701,Federal Way School District
ferndale,0.7398980277446139,0.8133675092716515,0.07346948152703758,3900.1863739904743,Ferndale School District
fife,0.8516555585290083,0.9224145563919743,0.07075899786296602,3968.039003250271,Fife School District
finley,0.8834731525373317,0.8576610603684558,-0.025812092168875922,2575.657894736842,Finley School District
franklin pierce,0.860615421749886,0.8870377403607219,0.026422318610835882,4051.053379862996,Franklin Pierce School District
freeman,0.93440946545241,0.9467842304789106,0.01237476502650059,3977.777777777778,Freeman School District
goldendale,0.848867154109951,0.8929914492338009,0.044124295123849966,3906.7796610169494,Goldendale School District
grand coulee dam,0.7528195213393675,0.8029567131905131,0.050137191851145624,2038.781163434903,Grand Coulee Dam School District
grandview,0.8175711365310855,0.8969579572078537,0.07938682067676817,1185.3250606959805,Grandview School District
granger,0.7991234156062491,0.8156313812273488,0.016507965621099685,1026.955950032873,Granger School District
granite falls,0.7997972695556745,0.820572090135435,0.020774820579760434,4433.284813197477,Granite Falls School District
highland,0.7946814181212176,0.8705900253508263,0.07590860722960868,2257.926306769494,Highland School District
highline,0.7688805940006544,0.8308022315042676,0.061921637503613125,4384.548477871578,Highline School District
hockinson,0.9210473795669064,0.9376064991436286,0.01655911957672218,4278.014941302028,Hockinson School District
hoquiam,0.7829436437719018,0.8337273869471162,0.05078374317521439,2801.0594467333726,Hoquiam School District
inchelium,0.71,0.6413214285714272,-0.06867857142857281,1131.455399061033,Inchelium School District
issaquah,0.8974321271704211,0.9109981332727727,0.013566006102351591,6369.6055335572155,Issaquah School District
kalama,0.9134968034913168,0.8915666062472567,-0.02193019724406009,3062.7027027027025,Kalama School District
kelso,0.8407224858496092,0.8523430495255726,0.011620563675963425,2380.430450378637,Kelso School District
kennewick,0.766648266212037,0.7686420396580544,0.001993773446017477,2525.428491149199,Kennewick School District
kent,0.8169938115107582,0.8457895546473178,0.028795743136559526,4110.317975340688,Kent School District
kettle falls,0.8575192726129237,0.8840529028626225,0.026533630249698792,1904.6052631578948,Kettle Falls School District
kiona benton city,0.771103276627965,0.8449509711260859,0.0738476944981209,2610.398379473329,Kiona-Benton City School District
kittitas,0.8414181531029308,0.8511765715047177,0.009758418401786928,3541.6036308623297,Kittitas School District
la center,0.8594498522991837,0.8862593526495183,0.02680950035033458,3247.115968427444,La Center School District
la conner,0.7982085004171814,0.7704640445990905,-0.02774445581809093,6470.494417862839,La Conner School District
lake chelan,0.7880821983811358,0.8597405934301308,0.07165839504899496,3807.6388888888887,Lake Chelan School District
lake stevens,0.909275714859486,0.9000300040779563,-0.009245710781529692,3091.4918414918416,Lake Stevens School District
lake washington,0.914820127100926,0.9173593088840195,0.002539181783093536,6186.867962418418,Lake Washington School District
lakewood,0.8603067309835554,0.8839479751159005,0.02364124413234514,4935.2890422778255,Lakewood School District
liberty,0.8362499999999999,0.817919117647055,-0.01833088235294489,4726.457399103139,Liberty School District
lind,0.66,0.6776190476190476,0.017619047619047534,5801.047120418848,Lind School District
longview,0.7710829430166677,0.8567124526430852,0.08562950962641747,3616.1233993015135,Longview School District
lyle,0.764222222222216,0.7083888925321096,-0.05583332969010646,4207.1713147410355,Lyle School District
lynden,0.8853979932318983,0.852130465376756,-0.03326752785514231,2751.4600908500975,Lynden School District
mabton,0.8113549913466891,0.8666538862824483,0.055298894935759235,618.9979123173277,Mabton School District
manson,0.8795465447824808,0.9266546116445276,0.047108066862046716,3296.4071856287424,Manson School District
mary walker,0.8392110720256953,0.8295961423656539,-0.009614929660041405,4987.603305785124,Mary Walker School District
marysville,0.7381181376822928,0.7860061659674437,0.04788802828515082,3905.591608142946,Marysville School District
mead,0.9035713029681866,0.9243025315623536,0.020731228594167095,3030.692868719611,Mead School District
medical lake,0.8901814231128897,0.9381149495171224,0.04793352640423265,1769.5128339444736,Medical Lake School District
mercer island,0.934890577992302,0.9366394881418372,0.0017489101495351544,7648.08988764045,Mercer Island School District
meridian,0.7968670736419019,0.8506206235833482,0.05375354994144632,3456.299659477866,Meridian School District
methow valley,0.9427083333333334,0.9360465116279,-0.006661821705433391,5730.392156862745,Methow Valley School District
monroe,0.8107844198870758,0.8294865149307111,0.018702095043635292,3681.9868683985155,Monroe School District
montesano,0.921676520342716,0.8793954826576719,-0.0422810376850441,3243.4971098265896,Montesano School District
morton,0.8220146520146476,0.8183892322954782,-0.0036254197191694093,3219.435736677116,Morton School District
moses lake,0.7639907107992155,0.8050988041019533,0.04110809330273779,2690.1274264618314,Moses Lake School District
mossyrock,0.8938181475193291,0.8805656709340879,-0.013252476585241202,3396.116504854369,Mossyrock School District
mount adams,0.7296936671571255,0.7183325714430493,-0.011361095714076175,790.5263157894736,Mount Adams School District
mount baker,0.7404460543851052,0.7151711899991915,-0.025274864385913753,3891.87790998448,Mount Baker School District
mount vernon,0.7063491827563838,0.7738447589689601,0.06749557621257629,3707.1228432384605,Mount Vernon School District
mukilteo,0.8379218284672865,0.8736628831752209,0.03574105470793443,4162.846724833963,Mukilteo School District
naches valley,0.9056684461442882,0.9245264769891675,0.018858030844879248,3505.21609538003,Naches Valley School District
napavine,0.9196271751504272,0.9326914828431325,0.01306430769270528,2032.6223337515685,Napavine School District
newport,0.8403288721557389,0.8608484100694863,0.020519537913747388,2413.8248847926266,Newport School District
nine mile falls,0.946879075832235,0.9443760312491138,-0.0025030445831211168,3476.190476190476,Nine Mile Falls School District
nooksack valley,0.8143737972407264,0.8146775656044394,0.0003037683637129307,3750.0,Nooksack Valley School District
north beach,0.7865799828828,0.852960297383216,0.06638031450041604,4692.878338278932,North Beach School District
north franklin,0.8693114308621263,0.9448046796756986,0.07549324881357233,1925.7332071901608,North Franklin School District
north kitsap,0.8550390661384368,0.8971735995868586,0.042134533448421774,4893.894874306236,North Kitsap School District
north mason,0.7465035391111063,0.7850544478558648,0.038550908744758416,4093.8794293603314,North Mason School District
north thurston,0.8434296615523746,0.8863590481060317,0.04292938655365708,4009.8026050758695,North Thurston Public Schools
northshore,0.9150100773737198,0.9306070763439528,0.015596998970233034,5519.621991527396,Northshore School District
oak harbor,0.8953481661415984,0.8993817743819925,0.004033608240394115,2757.5499061593587,Oak Harbor School District
oakville,0.7539097744360895,0.7806250000000001,0.026715225563910594,2039.647577092511,Oakville School District
ocean beach,0.8216448131012912,0.819100223809244,-0.0025445892920472613,6542.96875,Ocean Beach School District
ocosta,0.8227912076219206,0.8406880375581525,0.017896829936231873,5758.677685950413,Ocosta School District
okanogan,0.895982142857139,0.8783100589727783,-0.0176720838843607,1913.7466307277627,Okanogan School District
olympia,0.9038957880662568,0.9158468135714337,0.011951025505176904,4609.25295413579,Olympia School District
omak,0.8594633433935673,0.837643422400767,-0.02181992099280039,597.7478309027136,Omak School District
onalaska,0.8954499279726789,0.9370631488461016,0.041613220873422785,1844.7368421052631,Onalaska School District
orcas island,0.89,0.8671428571428572,-0.022857142857142798,5162.5148279952555,Orcas Island School District
oroville,0.8568128891147069,0.8379667505570872,-0.01884613855761963,3263.157894736842,Oroville School District
orting,0.882913538783688,0.9236140951554717,0.040700556371783714,3624.4,Orting School District
othello,0.7358625006368532,0.7842386430369626,0.048376142400109345,1517.1688857743518,Othello School District
pasco,0.7624142282639986,0.7839884998681096,0.02157427160411096,2327.3970241856723,Pasco School District
pe ell,0.8285714285714285,0.86,0.03142857142857147,2781.021897810219,Pe Ell School District
peninsula,0.8559995826575925,0.8635985215047307,0.007598938847138248,3673.800986104886,Peninsula School District
pomeroy,0.8424489795918285,0.8468622448979536,0.004413265306125069,4841.558441558442,Pomeroy School District
port angeles,0.8015007653387377,0.7988698487367171,-0.0026309166020206387,2639.5833333333335,Port Angeles School District
port townsend,0.7976644441662961,0.8626908703237894,0.06502642615749332,4594.227504244483,Port Townsend School District
prosser,0.7769545004769435,0.8332807721399285,0.056326271662984984,1776.558073654391,Prosser School District
pullman,0.9403416520301422,0.9450323184031875,0.004690666373045271,4099.402880224798,Pullman School District
puyallup,0.870728545137872,0.8701750470704652,-0.000553498067406788,4071.8197040322216,Puyallup School District
quilcene,0.7292165242165001,0.798409090909091,0.06919256669259088,2822.981366459627,Quilcene School District
quillayute valley,0.6675841028209638,0.7537105008146228,0.08612639799365895,711.1901681759379,Quillayute Valley School District
quincy,0.7661192161812119,0.8003807786275865,0.03426156244637457,3320.2189531303457,Quincy School District
rainier,0.8923939297632258,0.9191943328887071,0.026800403125481265,3309.7014925373132,Rainier School District
raymond,0.8885124491869917,0.8905476190476187,0.0020351698606270174,3432.739059967585,Raymond School District
renton,0.7876152722817674,0.7984187329745782,0.010803460692810796,6732.961314188978,Renton School District
republic,0.7793424036281144,0.7758248299319693,-0.0035175736961450266,1915.915915915916,Republic School District
richland,0.7809741415766959,0.8285977835044195,0.047623641927723614,3069.753366621274,Richland School District
ridgefield,0.9147409188889712,0.9192230661297547,0.004482147240783441,3879.151660664266,Ridgefield School District
ritzville,0.71170909008764,0.7414748908944,0.029765800806759946,4572.222222222223,Ritzville School District
riverside,0.8404188992042756,0.8704839428251635,0.03006504362088791,2673.011556764106,Riverside School District
riverview,0.915192906075934,0.9276742006432985,0.012481294567364576,5380.225816295392,Riverview School District
rochester,0.8242887234777482,0.7584495192943352,-0.06583920418341294,2917.5398633257405,Rochester School District
royal,0.7889793679733362,0.8253722343569785,0.03639286638364225,1584.7214244686961,Royal School District
san juan island,0.8494700252103208,0.8571135905342436,0.007643565323922852,5134.328358208955,San Juan Island School District
seattle,0.7590076880571032,0.8092046590968598,0.05019697103975662,7621.584110133728,Seattle Public Schools
sedro woolley,0.673228001762511,0.6836930358946323,0.010465034132121298,3337.9310344827586,Sedro-Woolley School District
selah,0.8031874568961356,0.7308551396547316,-0.07233231724140399,2314.262023217247,Selah School District
sequim,0.8584365283618683,0.8754621148080746,0.01702558644620622,2461.836088638762,Sequim School District
shelton,0.7791856990512295,0.7968776435819168,0.017691944530687342,2996.062080148251,Shelton School District
shoreline,0.8668866853164556,0.8956898221367744,0.028803136820318764,5848.622881355932,Shoreline School District
snohomish,0.8414359528162438,0.8624165992365999,0.02098064642035602,5683.236539029432,Snohomish School District
snoqualmie valley,0.9067116425475842,0.9447080585920471,0.03799641604446291,5384.604233111047,Snoqualmie Valley School District
soap lake,0.63634051653822,0.7057128211408854,0.06937230460266541,2309.8039215686276,Soap Lake School District
south bend,0.85,0.8963006690279307,0.04630066902793073,1983.5526315789473,South Bend School District
south kitsap,0.8160814488811972,0.8424630809116292,0.02638163203043209,2778.2336649912813,South Kitsap School District
south whidbey,0.8613693015466724,0.9277016035688102,0.0663323020221378,4725.282485875706,South Whidbey School District
spokane,0.8256841239960946,0.8573351536814477,0.03165102968535316,3534.3694552145625,Spokane School District
stanwood camano,0.8301152821692609,0.8644850538629917,0.03436977169373079,4452.31245850852,Stanwood-Camano School District
steilacoom hist,0.9314378659383142,0.9349964200472385,0.00355855410892425,4581.858407079646,Steilacoom Hist. School District
stevenson carson,0.7803981622158549,0.8011195479220792,0.020721385706224282,2134.553283100108,Stevenson-Carson School District
sultan,0.8506523750234327,0.8305337795209302,-0.0201185955025025,2709.0724784591994,Sultan School District
sunnyside,0.8701020267939492,0.8948543397642963,0.02475231297034708,647.0242468772962,Sunnyside School District
suquamish tribal education department,0.78,0.7512857142857143,-0.028714285714285692,0.0,Suquamish Tribal Education Department
tacoma,0.8308284494659461,0.888309418545431,0.057480969079484856,5505.3371073901035,Tacoma School District
taholah,0.6103448275862069,0.5294117647058824,-0.08093306288032454,1914.4385026737968,Taholah School District
tahoma,0.9064203787922984,0.9048049474395671,-0.0016154313527313446,4684.165547552191,Tahoma School District
tekoa,0.770909090909091,0.7481172673480307,-0.022791823561060243,2227.488151658768,Tekoa School District
tenino,0.8509578065692713,0.9059270009320526,0.05496919436278125,3395.6953642384105,Tenino School District
toledo,0.8160420759475596,0.87376039329141,0.057718317343850356,1922.1635883905012,Toledo School District
tonasket,0.8880625298509616,0.8714231181671737,-0.016639411683787908,1716.4048865619545,Tonasket School District
toppenish,0.697498966731522,0.7950861402693772,0.09758717353785518,560.272417707151,Toppenish School District
toutle lake,0.8910125852874298,0.8959103692627852,0.004897783975355452,3031.298904538341,Toutle Lake School District
tukwila,0.7470081115101169,0.8034012890857326,0.05639317757561568,6004.605263157895,Tukwila School District
tumwater,0.8058432043428118,0.8927693220787631,0.08692611773595138,4677.829457364341,Tumwater School District
university place,0.8940057033583797,0.9273790982570008,0.03337339489862112,3925.7487152223994,University Place School District
vancouver,0.7841188814008788,0.8435469773257669,0.05942809592488807,3477.637955956126,Vancouver School District
vashon island,0.9113367329955367,0.9014394356334308,-0.009897297362105983,6374.055415617128,Vashon Island School District
wahkiakum,0.822775119617221,0.8725963794659354,0.04982125984871433,3578.602620087336,Wahkiakum School District
wahluke,0.7110853461517068,0.7988648082627376,0.08777946211103083,1256.4318852804724,Wahluke School District
walla walla,0.798516210126569,0.887173414729628,0.08865720460305893,2906.318449873631,Walla Walla Public Schools
wapato,0.7584752554967855,0.7903578058782146,0.031882550381429065,852.5660041530703,Wapato School District
warden,0.8126671136888438,0.884771639139872,0.07210452545102819,1798.3706720977598,Warden School District
washougal,0.8009031770547526,0.8436626497097351,0.04275947265498259,4046.816479400749,Washougal School District
wellpinit,0.5207700012358703,0.5916731885056119,0.07090318726974165,400.42826552462526,Wellpinit School District
wenatchee,0.7642350455207069,0.8370343391410775,0.07279929362037063,2569.209570336966,Wenatchee School District
west valley spokane,0.96620301794743,0.9612430257951101,-0.004959992152319903,3744.0507667900583,West Valley School District (Spokane)
west valley yakima,0.7802209471175838,0.7614827095628873,-0.018738237554696502,2607.447019211725,West Valley School District (Yakima)
white pass,0.7948017576738475,0.6962827598199548,-0.09851899785389273,6376.146788990825,White Pass School District
white river,0.9067180478618428,0.9348452768474851,0.02812722898564224,5391.460055096419,White River School District
white salmon valley,0.8333173342935911,0.9107776788613432,0.07746034456775208,3136.996904024768,White Salmon Valley School District
winlock,0.8097442039678066,0.8416953223927319,0.03195111842492537,2418.6746987951806,Winlock School District
woodland,0.7524018387533845,0.8171260436595328,0.06472420490614827,4641.33219470538,Woodland School District
yakima,0.7287581477913363,0.7770211826401054,0.04826303484876915,1602.9828670035745,Yakima School District
yelm,0.7676946578154016,0.8277558777781265,0.060061219962724954,2975.276170436612,Yelm School District
zillah,0.9209841292827656,0.903117853749127,-0.01786627553363862,1613.6865342163355,Zillah School District
